date,pos1,pos2,pos3,pos4,pos5,pos6,pos7,bonus
December 25 2009,8,9,12,13,29,30,31,47
December 18 2009,8,10,15,17,33,34,35,13
December 11 2009,1,4,5,7,22,29,48,13
December 4 2009,1,6,13,19,32,35,40,7
November 27 2009,11,15,24,26,37,38,43,17
November 20 2009,2,8,28,30,36,39,42,24
November 13 2009,8,18,27,28,38,41,48,36
November 6 2009,2,7,8,11,16,17,18,12
October 30 2009,6,9,10,14,17,18,19,46
October 23 2009,4,7,10,12,23,25,36,18
October 16 2009,4,10,18,20,31,35,44,29
October 9 2009,5,15,25,38,42,46,47,26
October 2 2009,8,27,28,29,31,32,35,11
September 25 2009,5,17,19,25,31,38,46,4
December 31 2010,2,7,10,22,32,34,38,1
December 24 2010,8,23,25,26,33,41,43,21
December 17 2010,1,16,28,29,33,37,47,24
December 10 2010,7,9,12,20,28,38,44,10
December 3 2010,1,10,13,26,43,46,49,31
November 26 2010,12,21,23,27,28,29,37,9
November 19 2010,4,13,25,29,36,40,48,24
November 12 2010,13,15,17,18,19,47,49,38
November 5 2010,7,10,24,30,35,36,39,3
October 29 2010,2,6,21,26,28,33,47,11
October 22 2010,12,15,19,20,28,29,39,14
October 15 2010,3,14,17,25,30,33,39,7
October 8 2010,3,4,5,8,13,22,33,32
October 1 2010,10,12,13,25,28,29,41,39
September 24 2010,9,22,25,30,31,39,42,19
September 17 2010,2,5,6,43,46,47,48,39
September 10 2010,4,17,27,32,34,39,47,13
September 3 2010,12,17,27,28,31,36,48,37
August 27 2010,3,14,26,27,29,32,34,1
August 20 2010,4,5,7,8,18,30,35,39
August 13 2010,19,25,27,29,30,36,46,15
August 6 2010,1,5,6,32,36,38,44,29
July 30 2010,5,7,11,40,41,47,48,6
July 23 2010,17,19,26,29,34,35,38,47
July 16 2010,10,14,26,34,43,47,48,28
July 9 2010,9,10,19,24,28,30,31,46
July 2 2010,9,19,25,26,29,30,44,33
June 25 2010,5,22,28,31,39,46,48,4
June 18 2010,5,6,26,29,34,36,43,49
June 11 2010,2,7,12,25,29,32,35,26
June 4 2010,3,18,27,30,33,40,45,31
May 28 2010,11,18,23,24,27,28,39,1
May 21 2010,14,16,30,35,36,45,49,10
May 14 2010,7,17,19,23,31,36,41,1
May 7 2010,3,6,10,14,19,25,33,1
April 30 2010,1,3,4,5,16,32,33,41
April 23 2010,8,11,16,21,24,28,41,37
April 16 2010,6,7,17,20,32,44,49,46
April 9 2010,11,16,29,30,31,33,42,24
April 2 2010,4,9,12,15,28,29,43,17
March 26 2010,3,11,12,16,34,36,37,18
March 19 2010,1,3,6,34,37,42,45,27
March 15 2010,5,8,18,22,32,39,45,19
March 12 2010,17,18,19,21,32,40,49,6
March 5 2010,5,8,18,22,32,39,45,19
February 26 2010,2,27,30,32,35,36,38,39
February 19 2010,4,23,27,32,35,43,47,24
February 12 2010,9,12,17,23,24,42,47,37
February 5 2010,10,19,25,29,39,41,42,21
January 29 2010,16,17,22,24,40,41,47,45
January 22 2010,17,26,30,32,34,39,41,49
January 15 2010,12,17,22,30,34,43,49,48
January 8 2010,8,17,21,23,24,28,39,31
January 1 2010,7,9,13,18,27,33,44,15
December 30 2011,2,13,22,28,35,41,42,4
December 23 2011,3,4,9,25,26,37,39,45
December 16 2011,11,24,26,31,42,44,46,22
December 9 2011,3,11,18,19,23,27,44,46
December 2 2011,23,29,33,34,39,44,48,32
November 25 2011,8,10,15,24,30,35,49,23
November 18 2011,8,17,27,28,39,44,49,24
November 11 2011,5,7,9,25,31,37,39,22
November 4 2011,5,8,13,15,27,28,37,39
October 28 2011,2,4,18,20,29,38,41,9
October 21 2011,6,23,27,30,34,38,45,21
October 14 2011,1,3,7,19,31,39,49,17
October 7 2011,12,13,24,25,26,41,43,7
September 30 2011,5,6,7,12,14,18,25,38
September 23 2011,8,16,24,27,30,38,40,18
September 16 2011,12,18,22,24,28,43,49,21
September 9 2011,6,8,15,20,30,32,42,17
September 2 2011,2,3,8,13,18,20,23,10
August 26 2011,6,11,12,14,35,43,44,42
August 19 2011,4,14,24,41,43,46,49,1
August 12 2011,4,15,21,30,33,35,47,28
August 5 2011,11,17,18,20,22,29,45,27
July 29 2011,1,2,3,17,24,35,36,30
July 22 2011,4,13,23,28,32,40,42,12
July 15 2011,3,7,8,12,18,24,41,1
July 8 2011,17,22,28,38,41,43,45,5
July 1 2011,15,18,20,28,29,40,47,38
June 24 2011,2,9,10,15,29,44,48,22
June 17 2011,2,7,14,16,22,27,47,25
June 10 2011,8,11,12,25,28,30,33,16
June 3 2011,8,21,28,32,33,34,48,38
May 27 2011,5,9,19,20,21,28,30,36
May 20 2011,7,12,14,18,30,45,47,20
May 13 2011,7,8,14,32,38,42,44,30
May 6 2011,6,19,24,25,26,35,36,23
April 29 2011,1,13,20,24,39,45,47,25
April 22 2011,7,19,34,35,38,42,46,11
April 15 2011,3,12,14,15,25,32,49,37
April 8 2011,13,18,25,41,44,48,49,1
April 1 2011,5,6,11,12,24,26,34,49
March 25 2011,1,4,22,25,26,36,46,5
March 18 2011,2,5,10,21,25,35,49,40
March 11 2011,2,3,4,20,22,40,43,9
March 4 2011,3,18,27,29,32,33,35,47
February 25 2011,3,14,19,30,32,39,46,8
February 18 2011,3,7,12,16,20,42,48,31
February 11 2011,4,6,13,19,26,29,47,43
February 4 2011,1,3,13,18,19,39,48,40
January 28 2011,7,10,14,20,21,23,31,41
January 21 2011,2,18,19,29,42,47,49,17
January 14 2011,2,6,10,12,24,30,37,3
January 7 2011,2,10,13,15,23,28,49,40
December 28 2012,1,9,25,28,32,41,48,12
December 21 2012,7,8,17,18,20,40,41,33
December 14 2012,3,6,10,33,39,48,49,18
December 7 2012,5,11,22,29,38,42,49,33
November 30 2012,3,10,13,23,31,41,45,33
November 23 2012,6,8,10,17,28,29,38,34
November 16 2012,1,5,9,19,27,35,48,30
November 9 2012,8,9,11,22,24,42,46,13
November 2 2012,1,2,5,26,29,36,47,13
October 26 2012,3,4,20,25,30,35,48,23
October 19 2012,1,2,3,15,22,37,41,6
October 12 2012,5,7,12,15,35,45,47,40
October 5 2012,1,12,23,27,30,31,37,33
September 28 2012,5,6,32,33,39,42,47,9
September 21 2012,7,8,10,11,19,34,45,44
September 14 2012,2,27,30,31,37,46,47,21
September 7 2012,11,14,18,20,37,41,46,8
August 31 2012,5,12,13,28,33,37,43,44
August 24 2012,2,3,5,22,23,32,33,8
August 17 2012,18,19,22,27,29,36,47,25
August 10 2012,2,15,18,19,22,27,49,40
August 3 2012,1,2,18,26,27,39,42,33
July 27 2012,2,20,25,26,46,47,48,44
July 20 2012,4,7,29,35,39,43,44,46
July 13 2012,3,13,14,23,33,36,45,7
July 6 2012,14,26,31,34,37,45,48,38
June 29 2012,10,14,20,28,35,40,42,44
June 22 2012,1,12,20,22,30,34,38,33
June 15 2012,8,11,20,28,36,43,47,18
June 8 2012,9,10,16,24,26,44,48,27
June 1 2012,4,7,13,24,26,27,43,41
May 25 2012,1,2,3,6,12,20,41,10
May 18 2012,3,4,13,15,21,29,48,26
May 11 2012,1,6,7,24,31,36,39,26
May 4 2012,3,5,6,25,37,43,45,21
April 27 2012,3,23,28,40,42,43,45,17
April 20 2012,14,15,16,19,30,36,46,42
April 13 2012,2,6,11,12,16,39,45,3
April 6 2012,15,18,19,25,32,42,49,43
March 30 2012,3,11,12,19,35,45,47,13
March 23 2012,6,18,21,23,24,32,48,47
March 16 2012,5,7,18,24,28,41,49,26
March 9 2012,7,18,19,29,39,47,48,32
March 2 2012,4,13,14,15,34,46,47,49
February 24 2012,6,17,23,24,25,31,38,7
February 17 2012,1,15,26,28,31,39,49,18
February 10 2012,1,5,25,35,38,44,47,39
February 3 2012,2,8,12,14,33,37,47,46
January 27 2012,8,24,28,34,37,43,45,21
January 20 2012,9,15,21,23,41,43,44,46
January 13 2012,6,15,18,26,41,46,48,27
January 6 2012,1,2,8,13,22,45,46,48
December 27 2013,1,6,9,11,17,37,39,32
December 20 2013,2,13,18,24,27,37,43,14
December 13 2013,6,16,24,32,36,45,47,25
December 6 2013,3,4,11,18,37,42,44,47
November 29 2013,3,6,19,31,34,42,45,30
November 22 2013,2,24,35,38,39,41,48,20
November 15 2013,1,3,10,15,25,28,31,7
November 8 2013,7,8,10,15,24,26,41,12
November 1 2013,11,12,16,22,30,32,49,35
October 25 2013,13,16,24,29,33,40,49,28
October 18 2013,10,26,28,33,34,35,40,12
October 11 2013,7,8,9,16,21,28,48,29
October 4 2013,12,16,19,20,28,34,42,9
September 27 2013,10,11,18,24,26,42,47,45
September 20 2013,2,14,15,24,40,43,44,45
September 13 2013,2,6,12,15,16,22,49,46
September 6 2013,1,7,23,36,37,39,41,33
August 30 2013,6,19,20,25,31,35,36,45
August 23 2013,5,6,10,17,22,36,48,3
August 16 2013,2,6,20,22,30,34,49,45
August 9 2013,6,15,19,26,43,44,49,30
August 2 2013,2,9,23,29,30,34,43,40
July 26 2013,5,9,12,18,24,35,42,17
July 19 2013,3,17,19,20,34,35,43,4
July 12 2013,14,16,17,36,45,46,48,7
July 5 2013,5,12,15,39,44,46,49,18
June 28 2013,2,7,15,38,43,44,47,1
June 21 2013,2,9,12,13,27,28,36,20
June 14 2013,2,12,15,18,21,22,25,5
June 7 2013,5,19,24,34,35,38,43,8
May 31 2013,5,7,10,15,22,45,47,23
May 24 2013,9,19,21,24,39,43,48,6
May 17 2013,8,18,21,27,33,46,49,26
May 10 2013,3,10,19,21,27,35,36,49
May 3 2013,4,6,21,26,30,34,35,39
April 26 2013,10,13,15,18,25,36,47,40
April 19 2013,2,3,8,20,28,31,34,42
April 12 2013,3,6,37,40,42,44,48,18
April 5 2013,2,14,15,17,24,38,40,31
March 29 2013,8,11,12,13,22,33,47,7
March 22 2013,7,12,16,19,21,24,47,34
March 15 2013,9,16,17,19,22,41,43,12
March 8 2013,9,15,17,28,35,39,41,36
March 1 2013,1,2,5,6,38,39,46,33
February 22 2013,5,12,24,31,39,45,49,35
February 15 2013,14,23,24,25,28,41,45,37
February 8 2013,3,8,13,30,38,45,47,10
February 1 2013,5,9,10,32,37,44,46,38
January 25 2013,1,18,19,29,31,32,46,36
January 18 2013,8,16,17,28,32,34,47,19
January 11 2013,2,25,26,37,39,48,49,40
January 4 2013,3,6,16,23,27,28,34,22
December 26 2014,15,20,29,39,40,43,46,12
December 19 2014,3,6,13,17,22,25,43,47
December 12 2014,2,14,30,34,38,47,48,16
December 5 2014,10,14,15,16,42,45,48,49
November 28 2014,3,4,7,12,17,26,34,1
November 21 2014,6,18,19,26,37,39,47,21
November 14 2014,2,5,7,13,15,30,38,27
November 7 2014,1,3,6,8,14,20,30,28
October 31 2014,3,12,25,30,42,44,45,26
October 24 2014,8,27,30,32,34,35,42,17
October 17 2014,18,19,32,36,38,40,43,1
October 10 2014,5,13,18,28,31,38,44,46
October 3 2014,7,15,24,25,27,43,47,22
September 26 2014,2,3,5,18,37,38,46,33
September 19 2014,4,7,8,10,16,20,36,27
September 12 2014,5,6,8,13,24,37,46,30
September 5 2014,3,8,11,20,28,36,38,26
August 29 2014,1,23,26,33,35,38,42,18
August 22 2014,13,16,22,26,35,36,39,44
August 15 2014,9,16,17,27,32,38,47,37
August 8 2014,6,9,16,19,20,24,30,31
August 1 2014,1,2,5,10,11,25,34,36
July 25 2014,7,9,24,30,35,42,43,36
July 18 2014,1,3,16,33,34,40,42,2
July 11 2014,1,6,10,16,18,21,31,5
July 4 2014,5,10,11,20,26,38,46,44
June 27 2014,4,6,7,16,18,40,46,34
June 20 2014,12,17,32,36,43,44,49,4
June 13 2014,12,16,24,29,36,40,47,44
June 6 2014,3,5,17,30,36,47,49,31
May 30 2014,2,5,10,11,23,25,31,46
May 23 2014,3,11,16,24,31,39,43,2
May 16 2014,12,13,16,30,32,35,37,7
May 9 2014,5,7,29,35,39,41,49,14
May 2 2014,6,15,18,19,25,44,46,28
April 25 2014,3,9,24,25,28,36,40,48
April 18 2014,9,16,24,30,39,40,45,14
April 11 2014,1,3,14,33,35,39,45,28
April 4 2014,19,30,33,34,36,41,48,11
March 28 2014,8,15,16,21,31,37,39,20
March 21 2014,1,2,4,21,23,35,40,5
March 14 2014,3,4,5,7,31,33,40,49
March 7 2014,1,6,7,16,22,31,33,25
February 28 2014,4,7,20,22,26,28,29,47
February 21 2014,1,10,16,23,29,35,39,46
February 14 2014,6,8,11,16,17,19,24,29
February 7 2014,13,19,37,38,40,43,48,46
January 31 2014,6,10,16,27,38,40,45,39
January 24 2014,7,10,15,23,30,36,44,45
January 17 2014,4,9,18,32,35,38,40,12
January 10 2014,12,28,31,38,40,41,45,15
January 3 2014,7,16,31,35,39,44,48,42
December 25 2015,5,8,9,12,22,39,45,38
December 18 2015,6,20,28,29,30,31,46,45
December 11 2015,7,12,28,34,45,46,48,49
December 4 2015,8,15,24,25,27,36,43,32
November 27 2015,4,8,9,20,23,45,46,31
November 20 2015,12,21,28,34,36,45,48,26
November 13 2015,7,11,19,38,40,41,42,49
November 6 2015,1,10,12,20,29,35,47,4
October 30 2015,2,11,19,38,43,45,49,9
October 23 2015,2,7,12,28,29,38,48,27
October 16 2015,9,14,19,21,31,32,40,16
October 9 2015,8,11,14,23,26,42,47,1
October 2 2015,10,12,24,26,34,43,47,38
September 25 2015,1,7,15,18,21,30,45,22
September 18 2015,13,16,17,21,35,40,46,18
September 11 2015,21,22,27,30,39,42,44,8
September 4 2015,7,8,15,19,36,37,41,43
August 28 2015,2,4,5,17,29,39,41,48
August 21 2015,3,13,15,22,33,41,49,11
August 14 2015,1,15,17,25,34,40,41,38
August 7 2015,5,13,20,37,39,40,41,28
July 31 2015,2,5,27,32,35,42,46,48
July 24 2015,2,4,11,19,28,29,38,42
July 17 2015,23,24,29,36,42,43,49,38
July 10 2015,12,14,23,25,31,38,40,36
July 3 2015,1,6,30,40,46,47,49,37
June 26 2015,2,4,16,23,30,32,46,38
June 19 2015,7,14,15,16,21,30,41,17
June 12 2015,4,7,11,19,34,38,48,45
June 5 2015,2,10,13,16,30,33,48,44
May 29 2015,1,30,38,39,44,45,47,43
May 22 2015,1,4,21,24,29,30,46,25
May 15 2015,16,23,24,25,40,46,47,17
May 8 2015,1,7,17,27,32,44,48,18
May 1 2015,6,18,20,37,40,44,46,49
April 24 2015,3,37,38,40,42,43,46,12
April 17 2015,7,11,14,15,19,30,41,22
April 10 2015,7,8,16,18,24,25,46,37
April 3 2015,10,11,23,28,32,34,41,29
March 27 2015,3,7,15,23,29,31,45,46
March 20 2015,7,10,16,35,36,42,45,24
March 13 2015,2,8,10,15,17,20,24,14
March 6 2015,2,8,9,10,24,26,41,37
February 27 2015,4,12,16,27,37,39,44,32
February 20 2015,26,34,38,41,46,48,49,10
February 13 2015,6,9,18,22,25,32,44,46
February 6 2015,1,5,7,13,14,33,46,47
January 30 2015,10,15,21,28,32,36,37,9
January 23 2015,1,14,15,18,26,42,48,39
January 16 2015,6,29,30,31,36,42,45,32
January 9 2015,3,7,12,18,31,33,35,26
January 2 2015,8,9,14,19,28,31,46,48
December 30 2016,5,10,14,19,31,33,47,27
December 23 2016,1,5,11,26,28,30,41,49
December 16 2016,2,9,27,32,38,39,43,45
December 9 2016,11,17,24,26,34,35,39,16
December 2 2016,5,8,20,21,29,40,47,7
November 25 2016,2,11,20,22,31,35,47,39
November 18 2016,7,10,21,24,38,40,49,3
November 11 2016,8,14,18,20,24,39,46,23
November 4 2016,4,23,29,36,39,44,46,24
October 28 2016,3,5,19,29,33,34,44,41
October 21 2016,33,34,36,42,44,45,47,14
October 14 2016,14,18,22,25,36,39,44,34
October 7 2016,8,9,12,24,29,36,37,17
September 30 2016,4,12,17,21,32,38,42,46
September 23 2016,3,13,24,36,39,44,45,19
September 16 2016,7,12,14,15,27,34,44,6
September 9 2016,4,10,11,27,29,32,41,42
September 2 2016,1,12,15,22,25,45,48,16
August 26 2016,3,10,17,19,26,27,42,46
August 19 2016,19,22,25,32,37,45,47,40
August 12 2016,5,7,15,18,19,27,28,25
August 5 2016,4,6,10,20,40,46,47,39
July 29 2016,11,15,25,26,39,47,49,30
July 22 2016,9,26,28,32,37,40,45,46
July 15 2016,19,30,31,36,40,44,49,6
July 8 2016,1,8,16,25,30,42,48,28
July 1 2016,10,12,14,28,36,39,45,26
June 24 2016,2,17,22,24,26,42,48,6
June 17 2016,1,16,20,29,33,44,46,15
June 10 2016,5,11,15,26,27,33,39,46
June 3 2016,12,21,28,37,40,43,47,11
May 27 2016,1,14,16,20,26,32,34,18
May 20 2016,16,17,19,22,31,47,49,1
May 13 2016,3,6,8,17,21,28,34,2
May 6 2016,1,8,10,24,26,37,45,47
April 29 2016,11,21,22,24,26,36,43,10
April 22 2016,13,16,20,35,37,43,49,6
April 15 2016,1,9,17,19,25,27,38,44
April 8 2016,9,12,13,14,28,39,41,38
April 1 2016,5,6,27,28,31,41,45,12
March 25 2016,1,6,15,32,42,45,46,44
March 18 2016,6,8,15,24,26,39,44,40
March 11 2016,9,17,27,30,31,34,42,21
March 4 2016,4,14,24,41,42,44,48,26
February 26 2016,6,9,22,23,36,38,47,12
February 19 2016,2,11,20,22,33,40,43,4
February 12 2016,19,20,26,31,34,39,48,18
February 5 2016,6,7,8,9,17,23,30,18
January 29 2016,5,11,14,17,28,41,47,46
January 22 2016,20,21,22,34,42,43,45,1
January 15 2016,7,26,27,31,32,33,42,45
January 8 2016,13,15,21,24,25,36,48,10
January 1 2016,6,10,13,14,25,41,46,8
December 29 2017,22,23,26,35,37,39,47,14
December 22 2017,13,16,19,21,24,26,30,36
December 15 2017,8,14,17,27,28,30,48,37
December 8 2017,1,17,31,33,39,46,49,42
December 1 2017,26,28,33,38,42,43,47,16
November 24 2017,5,11,20,22,35,38,46,45
November 17 2017,3,15,22,23,33,47,49,6
November 10 2017,5,12,18,26,29,31,37,40
November 3 2017,16,17,18,20,40,42,43,15
October 27 2017,1,14,15,16,24,39,49,5
October 20 2017,1,4,12,27,35,38,46,8
October 13 2017,8,14,16,17,18,34,41,43
October 6 2017,10,17,25,27,29,34,38,48
September 29 2017,1,6,14,23,38,40,47,25
September 22 2017,2,10,37,38,39,43,47,28
September 15 2017,15,20,24,30,39,44,46,22
September 8 2017,1,2,15,16,22,29,41,27
September 1 2017,1,7,18,28,31,39,48,35
August 25 2017,18,19,23,34,39,43,46,1
August 18 2017,2,9,13,16,25,26,45,19
August 11 2017,13,14,19,26,27,36,37,18
August 4 2017,1,4,11,17,27,36,37,47
July 28 2017,9,12,16,24,33,45,47,14
July 21 2017,2,11,12,25,33,39,44,8
July 14 2017,2,4,11,17,26,41,42,44
July 7 2017,4,8,13,16,26,33,38,10
June 30 2017,7,24,26,36,37,43,44,3
June 23 2017,2,3,6,22,24,42,46,27
June 16 2017,1,5,20,33,34,41,42,15
June 9 2017,7,11,20,21,22,37,47,38
June 2 2017,11,12,25,28,33,41,43,36
May 26 2017,14,16,18,21,38,44,49,15
May 19 2017,8,11,18,25,34,35,38,44
May 12 2017,11,25,26,28,38,44,45,20
May 5 2017,11,14,20,22,26,35,43,33
April 28 2017,10,14,22,36,38,44,45,11
April 21 2017,3,4,13,16,35,47,49,37
April 14 2017,23,25,29,30,42,44,45,20
April 7 2017,8,12,14,34,37,44,48,45
March 31 2017,1,2,12,15,22,25,41,34
March 24 2017,16,19,21,32,37,39,45,26
March 17 2017,2,5,6,7,8,33,45,15
March 10 2017,1,11,15,20,36,41,47,33
March 3 2017,3,7,20,25,29,31,44,27
February 24 2017,1,17,19,23,28,29,47,10
February 17 2017,5,9,14,24,33,37,46,38
February 10 2017,11,16,19,22,24,38,41,48
February 3 2017,8,19,24,28,34,42,48,17
January 27 2017,1,3,8,22,29,38,47,11
January 20 2017,4,10,21,28,29,37,45,20
January 13 2017,2,8,24,30,31,38,40,42
January 6 2017,10,13,18,19,38,47,48,42
December 28 2018,5,13,14,16,17,29,49,18
December 21 2018,7,21,23,25,31,34,45,37
December 14 2018,6,7,11,21,23,27,41,49
December 7 2018,2,9,15,23,26,30,41,13
November 30 2018,5,8,15,20,25,26,47,22
November 23 2018,1,7,13,14,22,42,48,47
November 16 2018,11,17,24,34,41,42,48,21
November 9 2018,2,12,31,34,39,48,49,1
November 2 2018,9,10,16,23,24,39,49,7
October 26 2018,2,3,4,8,9,20,30,45
October 19 2018,10,15,16,17,19,27,38,9
October 12 2018,18,31,38,45,46,47,48,16
October 5 2018,8,9,12,20,22,27,30,28
September 28 2018,25,28,31,36,42,44,49,37
September 21 2018,3,9,15,16,19,45,48,42
September 14 2018,1,3,5,10,16,27,43,14
September 7 2018,3,12,21,34,37,38,41,22
August 31 2018,2,4,18,19,20,39,44,11
August 24 2018,3,5,7,11,13,20,29,30
August 17 2018,12,17,22,27,28,29,35,43
August 10 2018,2,9,18,33,36,40,49,38
August 3 2018,9,11,23,33,35,36,42,6
July 27 2018,8,11,14,17,26,30,36,48
July 20 2018,6,8,12,19,20,25,49,18
July 13 2018,1,4,5,22,25,32,34,27
July 6 2018,1,11,20,32,41,42,44,47
June 29 2018,3,5,17,23,28,43,46,29
June 22 2018,3,10,16,28,31,38,47,20
June 15 2018,18,23,28,37,44,45,47,9
June 8 2018,12,25,27,29,34,44,45,7
June 1 2018,2,11,17,18,22,25,39,3
May 25 2018,7,10,13,19,24,31,41,1
May 18 2018,4,13,23,30,31,37,43,32
May 11 2018,11,22,28,33,39,43,47,23
May 4 2018,1,11,15,16,20,29,39,32
April 27 2018,8,9,11,17,37,39,41,19
April 20 2018,6,14,16,22,30,42,45,35
April 13 2018,1,8,9,22,29,30,32,17
April 6 2018,7,18,29,30,41,45,46,40
March 30 2018,1,12,18,19,21,24,41,15
March 23 2018,7,12,15,23,35,43,49,19
March 16 2018,13,24,29,31,35,36,42,37
March 9 2018,13,18,20,26,32,35,47,12
March 2 2018,7,25,26,28,32,36,37,2
February 23 2018,13,17,24,32,33,44,45,48
February 16 2018,5,14,22,23,35,40,49,43
February 9 2018,6,19,24,25,36,37,39,17
February 2 2018,3,8,9,24,28,31,44,32
January 26 2018,7,8,13,19,23,32,40,9
January 19 2018,9,18,25,30,39,40,43,5
January 12 2018,1,8,16,19,26,34,41,10
January 5 2018,1,3,13,15,28,36,49,14
December 31 2019,3,4,11,19,30,39,40,25
December 27 2019,13,27,34,36,38,45,50,18
December 24 2019,1,6,12,13,19,23,38,37
December 20 2019,14,23,28,29,30,33,48,9
December 17 2019,19,20,23,29,35,40,47,31
December 13 2019,2,12,14,15,26,34,39,48
December 10 2019,7,11,19,30,42,43,50,44
December 6 2019,9,11,17,19,35,36,43,28
December 3 2019,2,10,20,30,32,35,50,21
November 29 2019,3,8,14,15,24,33,48,4
November 26 2019,13,14,18,22,42,44,47,12
November 22 2019,5,9,23,29,30,31,37,34
November 19 2019,5,13,23,25,27,32,44,3
November 15 2019,15,16,33,36,38,43,49,4
November 12 2019,1,14,16,22,32,39,45,31
November 8 2019,3,5,10,18,26,33,46,49
November 5 2019,5,7,15,18,35,37,45,47
November 1 2019,10,20,24,25,32,39,46,15
October 29 2019,10,17,18,22,23,25,34,37
October 25 2019,6,11,16,18,23,26,40,45
October 22 2019,1,4,6,9,25,31,43,10
October 18 2019,3,21,29,37,40,43,44,38
October 15 2019,17,18,22,27,29,31,34,8
October 11 2019,1,3,11,13,19,22,46,31
October 8 2019,18,24,31,38,44,46,50,40
October 4 2019,20,31,35,36,39,42,44,23
October 1 2019,1,15,19,31,40,41,43,49
September 27 2019,3,9,25,26,28,34,38,36
September 24 2019,3,22,26,32,38,42,43,8
September 20 2019,9,15,26,36,39,41,47,37
September 17 2019,2,4,17,39,40,43,46,44
September 13 2019,4,16,21,32,44,45,50,26
September 10 2019,1,15,16,20,27,38,50,9
September 6 2019,4,5,24,25,43,44,50,41
September 3 2019,6,8,11,13,28,42,48,27
August 30 2019,5,9,33,36,39,41,44,27
August 27 2019,5,7,19,28,32,35,44,46
August 23 2019,5,6,8,15,22,46,47,31
August 20 2019,9,17,23,37,44,46,48,4
August 16 2019,22,24,25,26,29,32,46,20
August 13 2019,1,5,38,39,42,47,49,15
August 9 2019,10,25,31,34,36,39,45,9
August 6 2019,19,22,28,30,36,38,39,25
August 2 2019,11,20,23,24,26,41,44,38
July 30 2019,4,6,10,15,24,40,43,3
July 26 2019,11,15,17,20,24,25,50,30
July 23 2019,4,8,11,16,28,29,44,43
July 19 2019,1,15,21,29,30,31,33,5
July 16 2019,11,14,17,21,23,26,36,19
July 12 2019,3,13,19,25,28,30,37,1
July 9 2019,10,13,31,32,36,40,41,17
July 5 2019,1,4,8,28,32,36,43,40
July 2 2019,6,14,26,31,34,36,45,25
June 28 2019,7,11,36,37,38,43,46,26
June 25 2019,2,14,15,23,27,44,45,8
June 21 2019,11,16,17,20,42,44,50,31
June 18 2019,1,6,13,15,38,42,49,48
June 14 2019,4,11,20,22,37,44,49,13
June 11 2019,18,23,28,32,34,44,50,29
June 7 2019,4,8,13,23,25,33,39,17
June 4 2019,7,19,22,28,34,41,42,12
May 31 2019,6,29,34,39,42,47,50,22
May 28 2019,4,9,10,26,27,29,37,14
May 24 2019,9,11,15,19,20,35,41,28
May 21 2019,2,3,8,18,31,39,50,33
May 17 2019,4,21,23,39,40,42,50,17
May 14 2019,9,24,27,33,40,44,48,41
May 10 2019,16,17,31,34,36,39,41,10
May 3 2019,2,3,5,12,21,22,37,19
April 26 2019,9,17,21,23,36,41,48,12
April 19 2019,2,16,21,33,39,42,47,1
April 12 2019,2,20,21,30,31,39,45,18
April 5 2019,1,2,16,21,23,25,28,48
March 29 2019,10,12,19,22,25,32,42,39
March 22 2019,1,3,20,21,27,28,44,43
March 15 2019,6,11,25,31,36,41,49,47
March 8 2019,2,9,16,17,21,22,32,38
March 1 2019,2,23,24,29,40,48,49,18
February 22 2019,6,31,33,34,43,44,46,22
February 15 2019,1,2,32,37,38,39,45,16
February 8 2019,18,23,31,32,36,38,43,27
February 1 2019,2,6,13,19,21,32,40,12
January 25 2019,6,12,20,24,40,42,47,44
January 18 2019,3,19,22,30,32,37,40,20
January 11 2019,8,15,21,28,29,30,39,23
January 4 2019,7,22,25,26,35,41,45,3
December 29 2020,8,12,23,25,29,43,46,13
December 25 2020,8,12,16,30,38,48,50,14
December 22 2020,4,29,30,37,38,43,44,15
December 18 2020,2,9,10,22,31,35,49,30
December 15 2020,1,4,20,33,44,45,49,47
December 11 2020,9,21,30,33,38,39,46,48
December 8 2020,5,13,14,21,36,37,43,40
December 4 2020,5,7,14,23,24,46,47,11
December 1 2020,1,4,9,15,18,24,31,43
November 27 2020,9,15,35,41,42,45,46,43
November 24 2020,6,8,13,27,41,46,47,39
November 20 2020,11,17,29,33,39,40,42,48
November 17 2020,6,18,21,30,31,34,38,1
November 13 2020,3,4,7,19,44,48,49,8
November 10 2020,4,6,18,27,28,30,40,13
November 6 2020,7,9,19,20,26,32,35,49
November 3 2020,5,7,14,21,26,34,49,31
October 30 2020,19,20,23,31,37,46,48,50
October 27 2020,2,9,11,29,33,39,44,15
October 23 2020,2,8,20,21,29,34,37,41
October 20 2020,8,27,30,44,46,47,50,32
October 16 2020,1,4,8,10,12,17,41,19
October 13 2020,3,10,13,19,21,45,49,12
October 9 2020,4,6,12,30,32,33,34,29
October 6 2020,4,5,9,19,28,34,44,8
October 2 2020,7,12,16,26,40,45,49,20
September 29 2020,4,6,9,15,22,24,28,44
September 25 2020,1,7,9,28,38,48,50,13
September 22 2020,8,9,37,38,40,43,49,28
September 18 2020,2,11,22,25,32,40,44,27
September 15 2020,1,5,6,24,27,28,32,38
September 11 2020,4,15,16,17,35,46,50,13
September 8 2020,6,12,19,27,30,32,44,18
September 4 2020,7,18,22,26,35,41,50,11
September 1 2020,2,9,29,30,31,35,37,19
August 28 2020,5,8,9,28,32,48,50,40
August 25 2020,1,21,34,38,39,40,46,24
August 21 2020,1,2,5,11,20,30,39,27
August 18 2020,1,2,16,32,44,46,50,6
August 14 2020,3,22,37,39,41,43,44,20
August 11 2020,9,17,22,33,36,45,46,41
August 7 2020,9,21,26,28,30,37,44,31
August 4 2020,18,24,25,30,31,33,48,27
July 31 2020,8,16,19,22,28,31,38,25
July 28 2020,7,10,11,24,39,43,48,23
July 24 2020,17,20,27,29,37,39,41,10
July 21 2020,7,22,26,35,46,47,49,19
July 17 2020,5,11,15,18,20,24,46,37
July 14 2020,3,9,21,35,44,47,48,23
July 10 2020,17,18,27,38,39,40,47,24
July 7 2020,9,20,21,22,25,26,37,3
July 3 2020,3,4,21,33,38,44,45,32
June 30 2020,11,12,22,33,37,48,49,41
June 26 2020,8,14,31,36,39,46,47,20
June 23 2020,2,3,6,13,37,42,46,19
June 19 2020,3,12,17,22,29,31,48,8
June 16 2020,1,3,22,30,31,37,40,6
June 12 2020,1,16,24,28,30,31,47,25
June 9 2020,4,16,19,32,35,36,38,28
June 5 2020,1,8,15,16,32,39,40,31
June 2 2020,8,14,16,17,29,41,42,47
May 29 2020,5,12,15,23,26,38,41,45
May 26 2020,5,27,34,37,39,41,47,20
May 22 2020,9,11,14,21,22,24,41,10
May 19 2020,22,23,24,25,37,40,49,19
May 15 2020,7,30,32,40,47,48,50,16
May 12 2020,11,19,22,26,33,46,48,1
May 8 2020,3,4,10,11,26,28,40,31
May 5 2020,25,28,32,41,42,44,45,18
May 1 2020,3,12,25,36,37,42,49,9
April 28 2020,9,18,23,36,39,43,48,46
April 24 2020,8,9,19,26,27,31,46,48
April 21 2020,9,10,13,21,40,41,43,4
April 17 2020,2,15,21,29,40,47,50,35
April 14 2020,3,6,9,22,29,38,39,18
April 10 2020,3,9,10,14,15,19,20,25
April 7 2020,5,20,21,22,32,37,41,18
April 3 2020,5,9,10,25,27,29,38,31
March 31 2020,5,7,22,29,32,37,39,3
March 27 2020,3,4,13,14,30,36,41,21
March 24 2020,2,11,16,18,19,20,25,5
March 20 2020,9,16,17,18,21,22,27,31
March 17 2020,4,5,8,15,27,41,48,37
March 13 2020,7,14,15,35,36,49,50,11
March 10 2020,5,6,27,37,38,46,48,9
March 6 2020,2,9,10,35,41,42,47,40
March 3 2020,10,14,15,25,27,39,48,28
February 28 2020,21,27,30,32,33,36,46,38
February 25 2020,15,32,36,40,41,43,48,10
February 21 2020,4,7,14,37,48,49,50,28
February 18 2020,3,6,19,23,33,40,45,48
February 14 2020,14,17,20,34,38,45,49,5
February 11 2020,14,15,19,22,31,36,39,23
February 7 2020,21,24,26,31,36,48,49,39
February 4 2020,3,12,18,25,43,46,50,33
January 31 2020,2,27,30,39,44,45,49,17
January 28 2020,4,10,12,27,30,44,46,7
January 24 2020,2,11,14,21,23,34,36,5
January 21 2020,7,11,16,21,31,36,44,46
January 17 2020,5,6,36,39,40,46,48,34
January 14 2020,5,16,19,23,30,37,48,44
January 10 2020,10,13,14,24,28,47,48,12
January 7 2020,3,8,12,14,17,18,29,11
January 3 2020,8,18,20,24,31,37,39,34
April 9 2021,1,19,28,29,31,33,43,17
April 6 2021,2,14,24,25,35,44,45,11
April 2 2021,30,32,33,34,37,45,49,25
March 30 2021,12,22,25,30,37,38,45,2
March 26 2021,2,4,16,24,25,27,49,29
March 23 2021,5,6,12,28,29,36,46,40
March 19 2021,2,7,8,26,30,43,48,25
March 16 2021,8,15,25,27,33,39,44,20
March 12 2021,5,12,15,23,28,38,39,46
March 9 2021,3,7,16,22,29,31,42,15
March 5 2021,6,9,23,25,31,36,48,30
March 2 2021,9,29,30,36,42,46,49,47
February 26 2021,11,17,19,22,27,31,40,38
February 23 2021,3,13,14,20,30,45,49,35
February 19 2021,1,5,10,18,20,40,42,47
February 16 2021,1,6,12,21,34,37,47,20
February 12 2021,2,5,10,11,14,23,33,47
February 9 2021,4,12,16,17,33,36,44,2
February 5 2021,1,2,23,32,35,36,45,28
February 2 2021,17,24,27,34,38,42,48,19
January 29 2021,9,11,20,22,33,36,46,49
January 26 2021,26,37,42,44,46,49,50,24
January 22 2021,11,21,23,25,28,41,43,10
January 19 2021,23,31,34,38,40,45,50,41
January 15 2021,5,23,31,35,36,37,43,13
January 12 2021,4,12,13,15,18,30,50,34
January 8 2021,4,21,24,25,26,27,42,8
January 5 2021,1,16,21,24,35,37,39,45
January 1 2021,18,21,28,29,31,32,49,38
